-0.000125,0.000000,-0.640000
-0.000125,0.000000,-0.560000
-0.000125,0.200000,-0.480000
-0.000125,0.000000,-0.560000
-0.000125,0.000000,-0.560000
-0.000124,0.000000,-0.480000
-0.000124,0.000000,-0.480000
-0.000124,0.000000,-0.400000
-0.000124,0.000000,-0.480000
-0.000124,0.000000,-0.400000
-0.000124,0.000000,-0.400000
-0.000124,0.000000,-0.480000
-0.000124,0.000000,-0.400000
-0.000124,-0.200000,-0.480000
-0.000124,0.000000,-0.400000
-0.000123,0.200000,-0.320000
-0.000123,0.000000,-0.400000
-0.000123,0.000000,-0.400000
-0.000123,0.000000,-0.480000
-0.000123,0.000000,-0.320000
-0.000123,0.000000,-0.240000
-0.000123,0.000000,-0.320000
-0.000123,0.000000,-0.320000
-0.000123,-0.200000,-0.320000
-0.000123,0.200000,-0.400000
-0.000122,0.200000,-0.480000
-0.000122,-0.200000,-0.320000
-0.000122,0.000000,-0.320000
-0.000122,0.000000,-0.240000
-0.000122,0.000000,-0.320000
-0.000122,-0.200000,-0.320000
-0.000122,0.200000,-0.240000
-0.000122,0.000000,-0.240000
-0.000122,-0.200000,-0.240000
-0.000122,0.200000,-0.240000
-0.000121,0.000000,-0.320000
-0.000121,0.000000,-0.240000
-0.000121,0.000000,-0.240000
-0.000121,0.000000,-0.320000
-0.000121,0.200000,-0.240000
-0.000121,0.200000,-0.240000
-0.000121,0.000000,-0.240000
-0.000121,0.200000,-0.160000
-0.000121,0.000000,-0.240000
-0.000121,0.000000,-0.240000
-0.000121,0.000000,-0.160000
-0.000120,0.000000,-0.240000
-0.000120,0.000000,-0.240000
-0.000120,0.000000,-0.240000
-0.000120,0.000000,-0.240000
-0.000120,0.200000,-0.240000
-0.000120,0.000000,-0.160000
-0.000120,0.000000,-0.160000
-0.000120,0.200000,-0.160000
-0.000120,0.200000,-0.160000
-0.000120,0.000000,-0.240000
-0.000119,-0.200000,-0.080000
-0.000119,0.200000,-0.160000
-0.000119,0.000000,-0.240000
-0.000119,0.000000,-0.160000
-0.000119,0.000000,-0.160000
-0.000119,0.000000,-0.160000
-0.000119,0.000000,-0.160000
-0.000119,0.000000,-0.160000
-0.000119,0.200000,-0.160000
-0.000119,0.000000,-0.160000
-0.000118,0.000000,-0.080000
-0.000118,0.200000,-0.080000
-0.000118,0.000000,-0.160000
-0.000118,0.200000,-0.080000
-0.000118,0.000000,-0.160000
-0.000118,0.000000,-0.080000
-0.000118,0.000000,-0.160000
-0.000118,0.200000,-0.080000
-0.000118,0.000000,-0.160000
-0.000118,0.000000,-0.080000
-0.000117,0.000000,-0.240000
-0.000117,0.000000,-0.160000
-0.000117,0.000000,-0.160000
-0.000117,0.200000,0.000000
-0.000117,-0.200000,-0.080000
-0.000117,0.000000,-0.080000
-0.000117,0.000000,0.000000
-0.000117,0.000000,-0.080000
-0.000117,0.000000,-0.080000
-0.000116,0.200000,-0.080000
-0.000116,0.000000,-0.080000
-0.000116,0.000000,-0.080000
-0.000116,0.000000,-0.080000
-0.000116,0.000000,-0.160000
-0.000116,0.000000,-0.080000
-0.000116,0.200000,-0.080000
-0.000116,0.000000,0.000000
-0.000116,0.000000,-0.080000
-0.000116,0.000000,-0.080000
-0.000116,0.000000,-0.080000
-0.000115,-0.200000,-0.080000
-0.000115,0.000000,0.000000
-0.000115,0.000000,-0.080000
-0.000115,0.200000,-0.160000
-0.000115,0.000000,-0.080000
-0.000115,0.200000,-0.080000
-0.000115,0.000000,0.000000
-0.000115,0.200000,-0.080000
-0.000115,0.000000,0.000000
-0.000115,-0.200000,0.000000
-0.000114,0.000000,-0.080000
-0.000114,0.200000,0.000000
-0.000114,-0.200000,-0.080000
-0.000114,0.000000,-0.080000
-0.000114,0.000000,-0.160000
-0.000114,0.200000,-0.080000
-0.000114,0.000000,0.000000
-0.000114,0.000000,0.000000
-0.000114,0.000000,0.000000
-0.000114,0.000000,-0.080000
-0.000113,0.000000,0.000000
-0.000113,0.200000,-0.080000
-0.000113,0.200000,-0.080000
-0.000113,-0.200000,0.000000
-0.000113,0.200000,0.000000
-0.000113,0.000000,0.000000
-0.000113,0.000000,-0.080000
-0.000113,0.000000,-0.080000
-0.000113,0.200000,0.000000
-0.000112,0.000000,0.000000
-0.000112,0.000000,0.000000
-0.000112,0.000000,0.000000
-0.000112,0.000000,-0.160000
-0.000112,0.000000,0.000000
-0.000112,0.000000,-0.080000
-0.000112,0.000000,0.000000
-0.000112,0.200000,0.000000
-0.000112,0.000000,-0.080000
-0.000112,0.000000,0.000000
-0.000111,0.000000,0.000000
-0.000111,0.200000,-0.080000
-0.000111,0.000000,0.000000
-0.000111,0.000000,0.000000
-0.000111,0.200000,0.000000
-0.000111,0.000000,-0.080000
-0.000111,0.000000,-0.080000
-0.000111,0.000000,0.000000
-0.000111,0.200000,0.000000
-0.000111,0.000000,0.000000
-0.000111,0.000000,-0.080000
-0.000110,0.200000,0.000000
-0.000110,0.200000,0.000000
-0.000110,0.000000,0.000000
-0.000110,0.000000,-0.080000
-0.000110,0.000000,0.000000
-0.000110,0.200000,0.000000
-0.000110,0.000000,0.000000
-0.000110,0.000000,0.000000
-0.000110,0.000000,-0.160000
-0.000110,-0.200000,0.000000
-0.000109,0.000000,-0.080000
-0.000109,0.200000,0.000000
-0.000109,0.000000,0.000000
-0.000109,0.000000,-0.080000
-0.000109,0.200000,0.000000
-0.000109,0.200000,0.000000
-0.000109,0.000000,0.080000
-0.000109,0.200000,0.000000
-0.000109,-0.200000,-0.080000
-0.000109,0.000000,-0.080000
-0.000108,0.000000,0.000000
-0.000108,0.200000,0.000000
-0.000108,0.000000,0.000000
-0.000108,0.200000,-0.080000
-0.000108,0.200000,0.000000
-0.000108,0.000000,0.000000
-0.000108,-0.200000,0.000000
-0.000108,0.000000,0.000000
-0.000108,0.000000,0.000000
-0.000108,0.000000,-0.080000
-0.000107,0.000000,0.080000
-0.000107,0.200000,0.000000
-0.000107,0.000000,0.080000
-0.000107,0.000000,0.080000
-0.000107,0.000000,0.000000
-0.000107,0.000000,0.080000
-0.000107,0.000000,0.000000
-0.000107,0.200000,0.000000
-0.000107,0.000000,0.080000
-0.000107,-0.200000,0.080000
-0.000106,0.000000,0.000000
-0.000106,0.200000,0.000000
-0.000106,-0.200000,0.000000
-0.000106,0.200000,-0.080000
-0.000106,0.200000,0.000000
-0.000106,-0.200000,0.000000
-0.000106,0.000000,0.000000
-0.000106,0.000000,-0.080000
-0.000106,0.000000,0.000000
-0.000106,-0.200000,-0.080000
-0.000105,0.000000,-0.080000
-0.000105,0.200000,0.080000
-0.000105,0.000000,-0.080000
-0.000105,0.200000,-0.080000
-0.000105,-0.200000,0.000000
-0.000105,0.200000,0.000000
-0.000105,0.000000,-0.080000
-0.000105,0.200000,0.000000
-0.000105,0.000000,0.000000
-0.000105,0.000000,0.000000
-0.000104,0.200000,0.000000
-0.000104,0.200000,0.000000
-0.000104,0.000000,0.000000
-0.000104,0.000000,-0.080000
-0.000104,0.000000,0.000000
-0.000104,0.000000,0.000000
-0.000104,0.000000,0.000000
-0.000104,0.000000,0.000000
-0.000104,-0.200000,0.000000
-0.000104,0.200000,0.000000
-0.000103,-0.200000,0.000000
-0.000103,0.200000,0.000000
-0.000103,-0.200000,0.000000
-0.000103,0.000000,0.000000
-0.000103,0.200000,-0.080000
-0.000103,0.000000,0.000000
-0.000103,0.000000,0.080000
-0.000103,0.000000,0.000000
-0.000103,-0.200000,0.000000
-0.000102,0.000000,-0.080000
-0.000102,0.000000,0.000000
-0.000102,0.000000,0.000000
-0.000102,0.000000,0.000000
-0.000102,0.000000,-0.080000
-0.000102,0.000000,0.080000
-0.000102,0.000000,0.000000
-0.000102,0.000000,0.000000
-0.000102,0.000000,0.000000
-0.000102,0.000000,0.000000
-0.000102,0.000000,0.080000
-0.000101,0.200000,0.080000
-0.000101,0.400000,0.000000
-0.000101,0.200000,0.000000
-0.000101,0.000000,0.000000
-0.000101,0.200000,0.000000
-0.000101,-0.200000,-0.080000
-0.000101,-0.200000,-0.080000
-0.000101,-0.200000,0.080000
-0.000101,-0.200000,0.000000
-0.000101,0.000000,-0.080000
-0.000100,-0.200000,0.000000
-0.000100,0.200000,-0.080000
-0.000100,0.000000,0.000000
-0.000100,0.200000,0.080000
-0.000100,0.000000,-0.080000
-0.000100,0.000000,0.000000
-0.000100,0.000000,0.000000
-0.000100,0.000000,0.000000
-0.000100,0.000000,0.000000
-0.000100,0.000000,0.000000
-0.000099,0.000000,0.000000
-0.000099,0.000000,0.000000
-0.000099,0.000000,0.000000
-0.000099,0.000000,0.000000
-0.000099,0.000000,0.000000
-0.000099,0.200000,0.000000
-0.000099,0.200000,0.000000
-0.000099,0.200000,0.000000
-0.000099,0.000000,0.000000
-0.000099,0.200000,0.000000
-0.000098,0.000000,0.000000
-0.000098,0.000000,0.000000
-0.000098,0.200000,0.080000
-0.000098,0.000000,0.000000
-0.000098,0.000000,-0.080000
-0.000098,0.200000,0.000000
-0.000098,0.000000,0.080000
-0.000098,0.000000,0.080000
-0.000098,0.000000,0.000000
-0.000098,0.000000,0.000000
-0.000097,0.000000,0.000000
-0.000097,0.000000,0.000000
-0.000097,0.000000,-0.080000
-0.000097,-0.200000,0.000000
-0.000097,0.000000,0.000000
-0.000097,0.000000,0.080000
-0.000097,0.000000,0.000000
-0.000097,0.200000,0.080000
-0.000097,0.000000,0.000000
-0.000097,0.000000,0.000000
-0.000096,0.000000,0.000000
-0.000096,0.000000,-0.080000
-0.000096,0.200000,0.000000
-0.000096,0.000000,-0.080000
-0.000096,0.200000,0.080000
-0.000096,0.000000,0.000000
-0.000096,0.000000,-0.080000
-0.000096,0.000000,0.080000
-0.000096,0.000000,0.000000
-0.000096,0.200000,0.000000
-0.000095,0.200000,0.000000
-0.000095,0.000000,0.000000
-0.000095,0.000000,0.000000
-0.000095,0.000000,-0.080000
-0.000095,0.200000,0.000000
-0.000095,0.000000,0.000000
-0.000095,0.000000,0.000000
-0.000095,0.000000,0.000000
-0.000095,-0.200000,0.000000
-0.000095,0.200000,0.000000
-0.000094,0.000000,0.080000
-0.000094,0.200000,0.000000
-0.000094,0.000000,0.000000
-0.000094,0.200000,0.000000
-0.000094,0.000000,0.000000
-0.000094,0.200000,0.000000
-0.000094,0.000000,0.080000
-0.000094,0.000000,0.000000
-0.000094,0.000000,0.080000
-0.000093,0.200000,0.000000
-0.000093,0.000000,0.080000
-0.000093,0.000000,0.080000
-0.000093,0.000000,0.000000
-0.000093,0.000000,0.000000
-0.000093,0.200000,0.000000
-0.000093,-0.200000,-0.080000
-0.000093,0.000000,0.000000
-0.000093,0.000000,0.000000
-0.000093,0.000000,-0.080000
-0.000092,0.200000,-0.080000
-0.000092,0.000000,0.080000
-0.000092,0.000000,0.000000
-0.000092,0.000000,0.080000
-0.000092,-0.200000,0.000000
-0.000092,0.000000,0.080000
-0.000092,0.200000,0.000000
-0.000092,0.000000,0.080000
-0.000092,0.200000,-0.080000
-0.000092,0.200000,0.000000
-0.000092,0.000000,0.080000
-0.000091,0.000000,0.000000
-0.000091,0.200000,0.000000
-0.000091,0.200000,-0.080000
-0.000091,0.000000,0.000000
-0.000091,0.000000,0.000000
-0.000091,0.000000,0.000000
-0.000091,0.000000,0.080000
-0.000091,0.000000,-0.080000
-0.000091,0.200000,-0.080000
-0.000091,0.000000,-0.080000
-0.000090,0.200000,0.000000
-0.000090,3.400000,0.240000
-0.000090,5.000000,1.440000
-0.000090,4.800000,2.400000
-0.000090,4.800000,3.120000
-0.000090,5.000000,3.520000
-0.000090,5.000000,3.920000
-0.000090,5.000000,4.000000
-0.000090,5.000000,4.160000
-0.000090,5.000000,4.160000
-0.000089,5.000000,4.160000
-0.000089,5.000000,4.240000
-0.000089,4.800000,4.160000
-0.000089,5.000000,4.160000
-0.000089,5.000000,4.080000
-0.000089,5.000000,4.000000
-0.000089,5.200000,4.000000
-0.000089,5.000000,3.920000
-0.000089,5.000000,3.840000
-0.000089,4.800000,3.760000
-0.000088,4.800000,3.760000
-0.000088,5.000000,3.600000
-0.000088,4.800000,3.600000
-0.000088,5.000000,3.440000
-0.000088,4.800000,3.360000
-0.000088,5.000000,3.360000
-0.000088,5.000000,3.200000
-0.000088,4.800000,3.200000
-0.000088,5.000000,3.120000
-0.000088,4.800000,3.040000
-0.000087,5.000000,2.880000
-0.000087,5.000000,2.800000
-0.000087,5.000000,2.880000
-0.000087,4.800000,2.720000
-0.000087,5.000000,2.720000
-0.000087,5.000000,2.640000
-0.000087,5.000000,2.640000
-0.000087,4.800000,2.560000
-0.000087,5.000000,2.560000
-0.000087,5.000000,2.480000
-0.000086,5.000000,2.320000
-0.000086,4.800000,2.320000
-0.000086,4.800000,2.320000
-0.000086,4.800000,2.240000
-0.000086,4.800000,2.240000
-0.000086,5.000000,2.080000
-0.000086,5.000000,2.160000
-0.000086,4.800000,2.080000
-0.000086,4.800000,2.080000
-0.000086,4.800000,2.000000
-0.000085,5.000000,2.000000
-0.000085,5.000000,1.760000
-0.000085,4.800000,1.840000
-0.000085,4.800000,1.840000
-0.000085,4.800000,1.760000
-0.000085,4.800000,1.760000
-0.000085,4.800000,1.680000
-0.000085,5.000000,1.680000
-0.000085,5.000000,1.600000
-0.000085,4.800000,1.680000
-0.000084,4.800000,1.520000
-0.000084,4.800000,1.600000
-0.000084,4.800000,1.520000
-0.000084,4.800000,1.520000
-0.000084,5.000000,1.360000
-0.000084,5.000000,1.440000
-0.000084,4.800000,1.360000
-0.000084,4.800000,1.360000
-0.000084,5.000000,1.360000
-0.000083,5.000000,1.360000
-0.000083,4.800000,1.280000
-0.000083,4.800000,1.200000
-0.000083,5.000000,1.120000
-0.000083,4.800000,1.200000
-0.000083,5.000000,1.200000
-0.000083,4.800000,1.200000
-0.000083,4.800000,1.120000
-0.000083,5.000000,1.120000
-0.000083,4.800000,1.040000
-0.000082,4.800000,1.040000
-0.000082,4.800000,1.040000
-0.000082,4.800000,1.040000
-0.000082,4.600000,0.960000
-0.000082,5.000000,1.040000
-0.000082,5.200000,1.040000
-0.000082,4.800000,0.960000
-0.000082,5.000000,0.960000
-0.000082,4.800000,0.880000
-0.000082,5.000000,0.880000
-0.000082,4.800000,0.880000
-0.000081,4.800000,0.800000
-0.000081,4.800000,0.880000
-0.000081,5.000000,0.800000
-0.000081,4.800000,0.800000
-0.000081,4.600000,0.720000
-0.000081,5.000000,0.800000
-0.000081,4.600000,0.640000
-0.000081,4.800000,0.640000
-0.000081,5.000000,0.640000
-0.000081,5.000000,0.640000
-0.000080,4.800000,0.720000
-0.000080,5.000000,0.720000
-0.000080,5.000000,0.640000
-0.000080,5.200000,0.720000
-0.000080,5.000000,0.640000
-0.000080,4.800000,0.640000
-0.000080,4.800000,0.640000
-0.000080,4.800000,0.640000
-0.000080,5.000000,0.560000
-0.000080,4.800000,0.640000
-0.000079,4.800000,0.560000
-0.000079,4.800000,0.480000
-0.000079,5.000000,0.560000
-0.000079,4.800000,0.560000
-0.000079,4.800000,0.560000
-0.000079,5.000000,0.560000
-0.000079,4.800000,0.480000
-0.000079,4.800000,0.480000
-0.000079,5.000000,0.480000
-0.000079,4.800000,0.480000
-0.000078,5.000000,0.480000
-0.000078,4.800000,0.480000
-0.000078,5.000000,0.400000
-0.000078,5.000000,0.480000
-0.000078,5.000000,0.480000
-0.000078,4.800000,0.400000
-0.000078,4.800000,0.400000
-0.000078,4.800000,0.400000
-0.000078,5.000000,0.480000
-0.000078,4.800000,0.320000
-0.000077,4.800000,0.400000
-0.000077,4.800000,0.320000
-0.000077,4.800000,0.240000
-0.000077,4.800000,0.400000
-0.000077,5.000000,0.320000
-0.000077,5.000000,0.400000
-0.000077,5.000000,0.320000
-0.000077,4.800000,0.400000
-0.000077,4.800000,0.320000
-0.000077,4.800000,0.320000
-0.000076,4.800000,0.320000
-0.000076,4.800000,0.320000
-0.000076,5.000000,0.320000
-0.000076,5.000000,0.320000
-0.000076,4.800000,0.240000
-0.000076,4.800000,0.240000
-0.000076,4.800000,0.240000
-0.000076,4.800000,0.240000
-0.000076,4.800000,0.240000
-0.000076,4.800000,0.240000
-0.000075,4.800000,0.160000
-0.000075,5.000000,0.240000
-0.000075,4.800000,0.240000
-0.000075,4.800000,0.240000
-0.000075,4.800000,0.240000
-0.000075,5.000000,0.160000
-0.000075,5.000000,0.320000
-0.000075,5.000000,0.240000
-0.000075,4.800000,0.240000
-0.000074,5.000000,0.240000
-0.000074,4.600000,0.240000
-0.000074,4.800000,0.240000
-0.000074,5.000000,0.160000
-0.000074,5.000000,0.240000
-0.000074,5.000000,0.160000
-0.000074,5.000000,0.160000
-0.000074,5.000000,0.240000
-0.000074,4.800000,0.160000
-0.000074,5.000000,0.240000
-0.000073,5.000000,0.160000
-0.000073,4.800000,0.160000
-0.000073,5.000000,0.160000
-0.000073,5.000000,0.080000
-0.000073,5.000000,0.160000
-0.000073,4.800000,0.160000
-0.000073,4.800000,0.160000
-0.000073,5.000000,0.240000
-0.000073,5.000000,0.080000
-0.000073,5.000000,0.160000
-0.000073,5.000000,0.080000
-0.000072,5.000000,0.160000
-0.000072,4.800000,0.080000
-0.000072,5.000000,0.240000
-0.000072,5.000000,0.160000
-0.000072,5.000000,0.160000
-0.000072,4.800000,0.080000
-0.000072,4.800000,0.160000
-0.000072,5.000000,0.240000
-0.000072,4.600000,0.160000
-0.000072,5.000000,0.080000
-0.000071,5.000000,0.160000
-0.000071,4.800000,0.160000
-0.000071,4.800000,0.160000
-0.000071,4.800000,0.080000
-0.000071,5.000000,0.160000
-0.000071,4.800000,0.080000
-0.000071,5.000000,0.000000
-0.000071,5.000000,0.080000
-0.000071,5.000000,0.160000
-0.000071,4.600000,0.080000
-0.000070,4.800000,0.160000
-0.000070,4.800000,0.160000
-0.000070,5.000000,0.160000
-0.000070,5.000000,0.080000
-0.000070,4.800000,0.160000
-0.000070,4.800000,0.080000
-0.000070,4.800000,0.080000
-0.000070,5.200000,0.160000
-0.000070,4.800000,0.080000
-0.000070,5.000000,0.000000
-0.000069,5.000000,0.160000
-0.000069,4.600000,0.080000
-0.000069,4.800000,0.160000
-0.000069,5.000000,0.160000
-0.000069,4.800000,0.080000
-0.000069,4.800000,0.080000
-0.000069,4.800000,0.080000
-0.000069,4.800000,0.080000
-0.000069,5.000000,0.160000
-0.000069,5.000000,0.080000
-0.000068,4.800000,0.080000
-0.000068,5.000000,0.080000
-0.000068,4.800000,0.080000
-0.000068,5.000000,0.080000
-0.000068,5.000000,0.080000
-0.000068,4.800000,0.080000
-0.000068,4.800000,0.000000
-0.000068,5.200000,0.000000
-0.000068,5.000000,0.080000
-0.000068,5.000000,0.080000
-0.000067,5.000000,0.080000
-0.000067,4.800000,0.080000
-0.000067,4.800000,0.080000
-0.000067,4.800000,0.160000
-0.000067,4.800000,0.080000
-0.000067,5.000000,0.080000
-0.000067,5.000000,0.080000
-0.000067,4.800000,0.160000
-0.000067,4.800000,0.000000
-0.000067,5.000000,0.000000
-0.000066,4.800000,0.080000
-0.000066,5.000000,0.160000
-0.000066,4.800000,0.080000
-0.000066,5.000000,0.000000
-0.000066,5.000000,0.080000
-0.000066,4.800000,0.000000
-0.000066,4.800000,0.080000
-0.000066,5.000000,0.080000
-0.000066,5.000000,0.080000
-0.000066,4.800000,0.080000
-0.000065,5.000000,0.160000
-0.000065,4.800000,0.000000
-0.000065,4.800000,0.080000
-0.000065,5.000000,0.000000
-0.000065,5.000000,0.000000
-0.000065,4.800000,0.080000
-0.000065,4.800000,0.080000
-0.000065,4.800000,0.000000
-0.000065,4.800000,0.080000
-0.000064,4.800000,0.000000
-0.000064,4.800000,0.080000
-0.000064,5.000000,0.000000
-0.000064,5.000000,0.080000
-0.000064,5.200000,0.000000
-0.000064,4.800000,0.080000
-0.000064,4.800000,0.000000
-0.000064,5.000000,0.080000
-0.000064,5.000000,0.080000
-0.000064,4.800000,0.000000
-0.000064,5.000000,0.000000
-0.000063,5.000000,0.080000
-0.000063,4.600000,0.080000
-0.000063,4.800000,0.000000
-0.000063,4.800000,0.080000
-0.000063,4.800000,0.000000
-0.000063,5.000000,0.000000
-0.000063,4.800000,0.000000
-0.000063,5.000000,0.080000
-0.000063,5.200000,0.000000
-0.000063,5.000000,0.080000
-0.000062,4.800000,0.000000
-0.000062,4.800000,0.160000
-0.000062,5.200000,0.000000
-0.000062,4.800000,0.080000
-0.000062,4.800000,0.000000
-0.000062,5.000000,0.000000
-0.000062,4.800000,0.080000
-0.000062,5.000000,0.000000
-0.000062,5.000000,0.000000
-0.000062,4.800000,0.080000
-0.000061,5.000000,0.080000
-0.000061,4.800000,0.000000
-0.000061,4.800000,0.080000
-0.000061,5.000000,0.080000
-0.000061,4.800000,0.080000
-0.000061,4.800000,0.080000
-0.000061,5.000000,0.000000
-0.000061,5.000000,0.080000
-0.000061,4.800000,0.000000
-0.000061,5.000000,0.000000
-0.000060,4.800000,0.080000
-0.000060,5.000000,0.160000
-0.000060,5.000000,0.000000
-0.000060,4.800000,0.080000
-0.000060,4.800000,0.080000
-0.000060,5.000000,0.000000
-0.000060,4.800000,0.000000
-0.000060,4.600000,0.000000
-0.000060,5.000000,-0.080000
-0.000060,5.000000,0.080000
-0.000059,4.800000,0.080000
-0.000059,5.200000,0.080000
-0.000059,5.000000,0.080000
-0.000059,5.000000,0.000000
-0.000059,5.000000,0.000000
-0.000059,5.000000,0.160000
-0.000059,4.800000,0.080000
-0.000059,4.800000,0.000000
-0.000059,5.000000,0.080000
-0.000058,4.800000,0.080000
-0.000058,4.800000,0.080000
-0.000058,4.800000,0.000000
-0.000058,4.800000,0.080000
-0.000058,5.000000,0.080000
-0.000058,4.800000,0.000000
-0.000058,4.800000,0.080000
-0.000058,5.000000,0.080000
-0.000058,5.000000,0.080000
-0.000058,4.800000,0.000000
-0.000058,5.000000,0.080000
-0.000057,4.800000,0.080000
-0.000057,5.000000,0.080000
-0.000057,4.800000,0.000000
-0.000057,4.800000,0.080000
-0.000057,5.000000,0.160000
-0.000057,5.000000,0.000000
-0.000057,4.800000,0.000000
-0.000057,4.800000,-0.080000
-0.000057,5.000000,0.000000
-0.000057,4.800000,-0.080000
-0.000056,5.000000,0.080000
-0.000056,5.000000,0.000000
-0.000056,5.000000,0.000000
-0.000056,5.000000,0.080000
-0.000056,4.800000,0.000000
-0.000056,5.000000,0.080000
-0.000056,4.800000,0.000000
-0.000056,5.200000,0.080000
-0.000056,5.000000,0.000000
-0.000056,4.800000,0.080000
-0.000055,4.800000,0.000000
-0.000055,4.800000,0.000000
-0.000055,4.800000,0.080000
-0.000055,5.000000,0.000000
-0.000055,4.800000,0.000000
-0.000055,5.000000,0.000000
-0.000055,4.800000,0.000000
-0.000055,5.000000,0.080000
-0.000055,4.800000,0.000000
-0.000055,4.800000,0.080000
-0.000054,5.000000,0.080000
-0.000054,5.000000,0.000000
-0.000054,5.200000,0.000000
-0.000054,5.000000,0.000000
-0.000054,5.000000,0.160000
-0.000054,5.000000,0.080000
-0.000054,4.800000,0.000000
-0.000054,4.800000,0.080000
-0.000054,5.000000,0.080000
-0.000053,4.800000,0.000000
-0.000053,4.800000,0.000000
-0.000053,5.200000,0.080000
-0.000053,5.000000,0.000000
-0.000053,5.000000,0.000000
-0.000053,5.000000,0.000000
-0.000053,5.000000,0.000000
-0.000053,4.800000,-0.080000
-0.000053,4.800000,0.000000
-0.000053,5.000000,0.080000
-0.000053,4.800000,0.080000
-0.000052,5.000000,0.080000
-0.000052,5.200000,0.080000
-0.000052,4.800000,0.000000
-0.000052,5.000000,0.000000
-0.000052,5.000000,0.080000
-0.000052,5.000000,0.160000
-0.000052,5.000000,0.080000
-0.000052,5.000000,0.000000
-0.000052,4.800000,0.000000
-0.000052,4.800000,0.000000
-0.000051,4.600000,-0.080000
-0.000051,5.000000,0.000000
-0.000051,5.000000,0.080000
-0.000051,4.400000,0.080000
-0.000051,4.800000,0.000000
-0.000051,5.000000,0.000000
-0.000051,4.800000,0.000000
-0.000051,4.800000,0.000000
-0.000051,5.200000,0.080000
-0.000051,5.000000,0.000000
-0.000050,5.000000,0.080000
-0.000050,4.800000,0.080000
-0.000050,5.000000,0.000000
-0.000050,4.800000,0.080000
-0.000050,5.000000,0.000000
-0.000050,5.200000,-0.080000
-0.000050,4.800000,0.000000
-0.000050,5.000000,0.000000
-0.000050,5.000000,0.080000
-0.000050,4.800000,0.080000
-0.000049,5.000000,0.080000
-0.000049,5.000000,0.080000
-0.000049,5.000000,0.080000
-0.000049,5.000000,0.000000
-0.000049,4.800000,0.000000
-0.000049,5.000000,0.080000
-0.000049,4.800000,0.000000
-0.000049,5.000000,0.080000
-0.000049,4.800000,0.000000
-0.000048,4.800000,0.000000
-0.000048,4.800000,0.080000
-0.000048,5.000000,0.080000
-0.000048,5.000000,0.000000
-0.000048,4.800000,0.080000
-0.000048,4.800000,0.080000
-0.000048,5.000000,0.000000
-0.000048,4.800000,0.080000
-0.000048,5.000000,0.080000
-0.000048,5.000000,0.000000
-0.000048,4.800000,0.080000
-0.000047,5.000000,0.000000
-0.000047,5.000000,-0.080000
-0.000047,4.800000,0.080000
-0.000047,4.800000,0.080000
-0.000047,5.000000,0.000000
-0.000047,4.800000,0.000000
-0.000047,5.000000,0.000000
-0.000047,5.000000,0.080000
-0.000047,4.800000,0.080000
-0.000047,5.000000,0.080000
-0.000046,4.600000,-0.080000
-0.000046,4.800000,0.000000
-0.000046,4.800000,0.080000
-0.000046,5.000000,0.000000
-0.000046,4.800000,0.000000
-0.000046,5.000000,0.080000
-0.000046,4.800000,0.080000
-0.000046,4.800000,0.080000
-0.000046,4.800000,0.080000
-0.000046,5.000000,0.080000
-0.000045,5.000000,0.000000
-0.000045,4.800000,0.080000
-0.000045,4.800000,0.000000
-0.000045,4.800000,0.000000
-0.000045,5.000000,0.080000
-0.000045,4.800000,0.000000
-0.000045,0.000000,-0.720000
-0.000045,0.000000,-1.920000
-0.000045,0.200000,-2.720000
-0.000045,-0.200000,-3.360000
-0.000044,0.000000,-3.680000
-0.000044,-0.200000,-3.920000
-0.000044,-0.200000,-4.080000
-0.000044,0.000000,-4.240000
-0.000044,-0.200000,-4.240000
-0.000044,-0.200000,-4.160000
-0.000044,-0.200000,-4.160000
-0.000044,0.000000,-4.160000
-0.000044,0.200000,-4.080000
-0.000044,-0.200000,-4.000000
-0.000043,0.000000,-3.920000
-0.000043,-0.200000,-3.840000
-0.000043,0.000000,-3.840000
-0.000043,-0.200000,-3.760000
-0.000043,0.000000,-3.680000
-0.000043,-0.200000,-3.680000
-0.000043,0.000000,-3.440000
-0.000043,-0.200000,-3.440000
-0.000043,-0.200000,-3.360000
-0.000043,0.000000,-3.280000
-0.000042,0.200000,-3.120000
-0.000042,-0.400000,-3.200000
-0.000042,0.000000,-3.040000
-0.000042,0.000000,-2.960000
-0.000042,0.000000,-2.960000
-0.000042,0.000000,-2.960000
-0.000042,-0.200000,-2.800000
-0.000042,0.200000,-2.800000
-0.000042,0.000000,-2.720000
-0.000042,0.000000,-2.720000
-0.000041,0.000000,-2.640000
-0.000041,0.000000,-2.560000
-0.000041,0.000000,-2.640000
-0.000041,0.000000,-2.480000
-0.000041,0.000000,-2.400000
-0.000041,0.000000,-2.320000
-0.000041,0.000000,-2.320000
-0.000041,0.000000,-2.240000
-0.000041,0.000000,-2.240000
-0.000041,0.200000,-2.080000
-0.000040,0.000000,-2.080000
-0.000040,0.200000,-2.000000
-0.000040,0.000000,-2.000000
-0.000040,0.000000,-1.920000
-0.000040,0.200000,-2.000000
-0.000040,0.000000,-1.840000
-0.000040,0.000000,-1.840000
-0.000040,0.200000,-1.840000
-0.000040,0.200000,-1.680000
-0.000040,0.000000,-1.600000
-0.000039,-0.200000,-1.680000
-0.000039,0.200000,-1.680000
-0.000039,0.000000,-1.600000
-0.000039,0.000000,-1.520000
-0.000039,0.000000,-1.600000
-0.000039,0.200000,-1.600000
-0.000039,0.000000,-1.440000
-0.000039,0.000000,-1.440000
-0.000039,0.200000,-1.360000
-0.000039,0.000000,-1.360000
-0.000038,0.200000,-1.360000
-0.000038,0.000000,-1.360000
-0.000038,0.000000,-1.360000
-0.000038,0.000000,-1.360000
-0.000038,0.000000,-1.200000
-0.000038,0.000000,-1.200000
-0.000038,0.000000,-1.120000
-0.000038,0.000000,-1.120000
-0.000038,-0.200000,-1.120000
-0.000038,0.000000,-1.120000
-0.000037,0.000000,-1.120000
-0.000037,0.200000,-1.040000
-0.000037,0.000000,-1.040000
-0.000037,0.000000,-1.040000
-0.000037,0.000000,-1.040000
-0.000037,0.000000,-0.960000
-0.000037,-0.200000,-0.960000
-0.000037,0.200000,-0.960000
-0.000037,0.000000,-1.040000
-0.000037,0.000000,-0.960000
-0.000036,0.000000,-0.880000
-0.000036,0.000000,-0.960000
-0.000036,0.000000,-0.800000
-0.000036,0.000000,-0.800000
-0.000036,0.200000,-0.800000
-0.000036,0.000000,-0.800000
-0.000036,0.000000,-0.800000
-0.000036,0.000000,-0.720000
-0.000036,0.000000,-0.720000
-0.000036,0.000000,-0.720000
-0.000035,0.000000,-0.720000
-0.000035,-0.200000,-0.720000
-0.000035,0.000000,-0.720000
-0.000035,0.000000,-0.720000
-0.000035,0.000000,-0.640000
-0.000035,-0.200000,-0.640000
-0.000035,0.200000,-0.640000
-0.000035,0.000000,-0.640000
-0.000035,0.000000,-0.640000
-0.000035,0.200000,-0.560000
-0.000034,0.000000,-0.560000
-0.000034,0.000000,-0.560000
-0.000034,0.200000,-0.560000
-0.000034,0.000000,-0.560000
-0.000034,0.000000,-0.560000
-0.000034,0.200000,-0.480000
-0.000034,0.000000,-0.400000
-0.000034,0.200000,-0.480000
-0.000034,0.000000,-0.400000
-0.000034,0.000000,-0.480000
-0.000033,-0.200000,-0.480000
-0.000033,0.000000,-0.400000
-0.000033,0.200000,-0.400000
-0.000033,0.000000,-0.400000
-0.000033,0.000000,-0.400000
-0.000033,0.000000,-0.480000
-0.000033,0.000000,-0.480000
-0.000033,0.000000,-0.400000
-0.000033,0.000000,-0.400000
-0.000033,0.000000,-0.320000
-0.000032,0.000000,-0.400000
-0.000032,0.000000,-0.320000
-0.000032,0.200000,-0.320000
-0.000032,0.200000,-0.320000
-0.000032,0.200000,-0.320000
-0.000032,0.000000,-0.320000
-0.000032,0.200000,-0.320000
-0.000032,0.200000,-0.240000
-0.000032,0.000000,-0.400000
-0.000032,0.200000,-0.320000
-0.000031,0.000000,-0.320000
-0.000031,0.000000,-0.400000
-0.000031,0.000000,-0.320000
-0.000031,0.200000,-0.320000
-0.000031,0.000000,-0.320000
-0.000031,0.000000,-0.320000
-0.000031,0.000000,-0.240000
-0.000031,-0.200000,-0.240000
-0.000031,-0.200000,-0.160000
-0.000031,0.000000,-0.240000
-0.000030,0.000000,-0.320000
-0.000030,0.000000,-0.240000
-0.000030,0.000000,-0.240000
-0.000030,0.000000,-0.240000
-0.000030,0.000000,-0.240000
-0.000030,0.000000,-0.240000
-0.000030,0.000000,-0.160000
-0.000030,0.200000,-0.160000
-0.000030,-0.200000,-0.240000
-0.000030,0.200000,-0.160000
-0.000029,0.000000,-0.160000
-0.000029,0.200000,-0.240000
-0.000029,0.200000,-0.160000
-0.000029,0.000000,-0.160000
-0.000029,0.000000,-0.160000
-0.000029,0.200000,-0.160000
-0.000029,0.200000,-0.160000
-0.000029,0.000000,-0.240000
-0.000029,0.000000,-0.160000
-0.000029,0.000000,-0.160000
-0.000028,0.000000,-0.160000
-0.000028,0.000000,-0.160000
-0.000028,-0.200000,-0.160000
-0.000028,0.000000,-0.160000
-0.000028,-0.200000,-0.080000
-0.000028,0.000000,-0.160000
-0.000028,0.000000,-0.080000
-0.000028,0.000000,-0.080000
-0.000028,0.000000,-0.160000
-0.000028,0.200000,-0.080000
-0.000027,0.000000,-0.080000
-0.000027,-0.200000,0.000000
-0.000027,0.000000,-0.160000
-0.000027,0.200000,-0.080000
-0.000027,0.000000,-0.160000
-0.000027,0.200000,-0.160000
-0.000027,0.200000,-0.080000
-0.000027,0.000000,-0.080000
-0.000027,0.000000,-0.080000
-0.000027,-0.200000,-0.160000
-0.000026,0.000000,-0.080000
-0.000026,0.000000,-0.080000
-0.000026,0.200000,-0.160000
-0.000026,0.000000,-0.080000
-0.000026,0.000000,-0.080000
-0.000026,0.000000,-0.160000
-0.000026,-0.200000,-0.080000
-0.000026,0.400000,0.000000
-0.000026,0.000000,-0.080000
-0.000026,0.000000,-0.080000
-0.000025,0.000000,-0.160000
-0.000025,0.000000,-0.080000
-0.000025,0.200000,-0.160000
-0.000025,0.000000,-0.080000
-0.000025,0.000000,0.000000
-0.000025,0.000000,-0.080000
-0.000025,0.000000,0.000000
-0.000025,0.000000,-0.080000
-0.000025,0.000000,-0.080000
-0.000025,0.200000,-0.160000
-0.000024,0.000000,0.000000
-0.000024,0.000000,-0.080000
-0.000024,0.000000,0.000000
-0.000024,0.000000,-0.080000
-0.000024,0.000000,0.000000
-0.000024,-0.200000,0.000000
-0.000024,0.200000,-0.080000
-0.000024,0.200000,-0.080000
-0.000024,0.000000,-0.080000
-0.000024,0.000000,-0.080000
-0.000023,0.000000,-0.080000
-0.000023,0.000000,-0.080000
-0.000023,0.200000,-0.080000
-0.000023,0.000000,-0.080000
-0.000023,0.200000,0.000000
-0.000023,0.000000,-0.080000
-0.000023,0.000000,0.000000
-0.000023,0.000000,-0.080000
-0.000023,0.000000,-0.080000
-0.000023,0.200000,-0.080000
-0.000022,0.000000,0.000000
-0.000022,0.200000,-0.080000
-0.000022,0.000000,-0.080000
-0.000022,0.200000,0.000000
-0.000022,0.000000,-0.080000
-0.000022,0.000000,0.000000
-0.000022,0.200000,0.000000
-0.000022,0.000000,-0.080000
-0.000022,0.000000,-0.080000
-0.000022,0.000000,-0.080000
-0.000021,-0.200000,0.000000
-0.000021,0.200000,-0.080000
-0.000021,0.000000,-0.080000
-0.000021,0.000000,-0.080000
-0.000021,0.000000,-0.080000
-0.000021,0.000000,0.000000
-0.000021,0.200000,-0.080000
-0.000021,0.200000,0.000000
-0.000021,0.200000,-0.080000
-0.000021,0.000000,-0.080000
-0.000020,-0.200000,0.000000
-0.000020,-0.200000,0.000000
-0.000020,0.000000,-0.080000
-0.000020,0.000000,-0.080000
-0.000020,0.200000,-0.080000
-0.000020,0.000000,0.000000
-0.000020,0.200000,-0.080000
-0.000020,0.000000,0.000000
-0.000020,-0.200000,0.000000
-0.000020,0.200000,0.000000
-0.000019,0.000000,0.000000
-0.000019,0.000000,0.000000
-0.000019,0.200000,0.000000
-0.000019,0.200000,0.000000
-0.000019,-0.200000,0.000000
-0.000019,0.200000,-0.080000
-0.000019,0.000000,-0.080000
-0.000019,0.200000,0.000000
-0.000019,0.000000,0.000000
-0.000019,0.200000,0.000000
-0.000018,0.000000,-0.080000
-0.000018,0.000000,0.000000
-0.000018,0.000000,-0.080000
-0.000018,0.000000,0.000000
-0.000018,0.000000,-0.080000
-0.000018,0.000000,0.080000
-0.000018,0.000000,0.000000
-0.000018,0.000000,0.000000
-0.000018,0.200000,0.000000
-0.000018,0.200000,0.080000
-0.000017,0.000000,0.000000
-0.000017,0.000000,0.000000
-0.000017,-0.200000,-0.080000
-0.000017,0.000000,-0.080000
-0.000017,0.200000,0.000000
-0.000017,0.000000,-0.080000
-0.000017,0.000000,0.000000
-0.000017,0.000000,0.000000
-0.000017,0.000000,0.000000
-0.000017,0.000000,0.000000
-0.000016,-0.200000,0.000000
-0.000016,0.000000,0.000000
-0.000016,0.200000,0.000000
-0.000016,0.000000,-0.080000
-0.000016,0.000000,0.000000
-0.000016,0.000000,0.000000
-0.000016,0.000000,0.000000
-0.000016,0.000000,-0.080000
-0.000016,0.000000,0.000000
-0.000016,-0.200000,0.000000
-0.000015,0.000000,0.000000
-0.000015,0.200000,0.000000
-0.000015,0.200000,0.000000
-0.000015,-0.200000,0.080000
-0.000015,0.200000,-0.080000
-0.000015,0.000000,0.000000
-0.000015,-0.200000,0.000000
-0.000015,0.000000,-0.080000
-0.000015,0.000000,0.000000
-0.000015,0.000000,0.000000
-0.000014,0.000000,0.000000
-0.000014,0.200000,-0.080000
-0.000014,0.000000,-0.080000
-0.000014,0.000000,0.000000
-0.000014,0.000000,0.000000
-0.000014,0.000000,-0.080000
-0.000014,0.000000,0.000000
-0.000014,-0.200000,0.080000
-0.000014,0.000000,0.080000
-0.000014,0.200000,-0.080000
-0.000013,0.000000,0.000000
-0.000013,0.000000,0.000000
-0.000013,0.000000,0.000000
-0.000013,0.000000,0.000000
-0.000013,0.000000,0.080000
-0.000013,-0.200000,0.000000
-0.000013,0.000000,0.080000
-0.000013,0.000000,0.000000
-0.000013,0.200000,0.000000
-0.000013,0.000000,-0.080000
-0.000012,0.000000,0.000000
-0.000012,0.200000,-0.080000
-0.000012,0.000000,0.000000
-0.000012,0.200000,0.000000
-0.000012,0.200000,0.000000
-0.000012,0.000000,0.000000
-0.000012,0.000000,-0.080000
-0.000012,0.000000,0.000000
-0.000012,0.000000,0.080000
-0.000012,-0.200000,0.000000
-0.000011,0.000000,0.000000
-0.000011,0.200000,-0.080000
-0.000011,0.000000,0.000000
-0.000011,0.200000,0.000000
-0.000011,0.000000,0.000000
-0.000011,0.200000,0.000000
-0.000011,0.000000,0.080000
-0.000011,0.000000,-0.080000
-0.000011,0.000000,0.000000
-0.000011,0.000000,0.000000
-0.000010,0.200000,0.000000
-0.000010,0.000000,0.000000
-0.000010,0.000000,-0.080000
-0.000010,0.200000,-0.080000
-0.000010,0.200000,0.000000
-0.000010,0.200000,0.000000
-0.000010,0.000000,0.080000
-0.000010,0.200000,0.080000
-0.000010,-0.200000,0.000000
-0.000010,0.200000,-0.080000
-0.000009,0.000000,0.000000
-0.000009,0.000000,0.080000
-0.000009,0.200000,0.000000
-0.000009,0.000000,0.080000
-0.000009,0.200000,0.000000
-0.000009,0.000000,-0.080000
-0.000009,-0.200000,0.000000
-0.000009,0.000000,-0.080000
-0.000009,0.200000,0.000000
-0.000009,0.000000,0.000000
-0.000008,0.200000,0.000000
-0.000008,0.000000,0.000000
-0.000008,0.000000,0.000000
-0.000008,0.000000,-0.080000
-0.000008,0.000000,0.000000
-0.000008,0.200000,0.080000
-0.000008,0.000000,0.080000
-0.000008,0.200000,0.000000
-0.000008,0.000000,-0.080000
-0.000008,0.000000,0.080000
-0.000007,0.200000,0.080000
-0.000007,0.000000,-0.080000
-0.000007,0.000000,-0.080000
-0.000007,0.000000,0.080000
-0.000007,0.200000,0.000000
-0.000007,0.000000,0.000000
-0.000007,0.000000,0.000000
-0.000007,-0.200000,0.000000
-0.000007,0.000000,0.000000
-0.000007,0.000000,0.000000
-0.000006,0.000000,0.080000
-0.000006,0.000000,0.000000
-0.000006,0.000000,0.000000
-0.000006,0.000000,0.000000
-0.000006,0.200000,0.160000
-0.000006,0.200000,0.000000
-0.000006,0.200000,0.000000
-0.000006,0.000000,0.080000
-0.000006,0.000000,0.000000
-0.000006,0.000000,0.000000
-0.000005,0.200000,0.000000
-0.000005,0.200000,0.000000
-0.000005,0.200000,0.000000
-0.000005,-0.200000,-0.080000
-0.000005,0.200000,0.000000
-0.000005,0.000000,-0.080000
-0.000005,0.000000,-0.080000
-0.000005,0.000000,-0.080000
-0.000005,-0.200000,0.000000
-0.000005,0.000000,0.000000
-0.000004,0.000000,0.000000
-0.000004,0.000000,0.000000
-0.000004,0.000000,0.080000
-0.000004,0.000000,0.000000
-0.000004,0.200000,0.000000
-0.000004,0.000000,-0.080000
-0.000004,0.000000,0.000000
-0.000004,0.000000,0.000000
-0.000004,0.000000,-0.080000
-0.000004,0.000000,-0.080000
-0.000003,0.000000,-0.080000
-0.000003,0.000000,-0.080000
-0.000003,0.200000,0.000000
-0.000003,-0.200000,0.080000
-0.000003,0.000000,0.000000
-0.000003,0.000000,0.080000
-0.000003,0.200000,0.000000
-0.000003,-0.200000,0.000000
-0.000003,0.000000,0.000000
-0.000003,0.000000,0.000000
-0.000002,0.000000,0.000000
-0.000002,0.200000,0.000000
-0.000002,0.200000,0.080000
-0.000002,0.200000,0.080000
-0.000002,0.200000,0.080000
-0.000002,0.000000,0.000000
-0.000002,0.000000,0.000000
-0.000002,0.000000,0.000000
-0.000002,0.000000,0.080000
-0.000002,0.000000,0.000000
-0.000001,0.000000,0.000000
-0.000001,0.200000,0.000000
-0.000001,0.000000,-0.080000
-0.000001,0.200000,0.000000
-0.000001,0.200000,0.000000
-0.000001,0.000000,0.000000
-0.000001,-0.200000,0.080000
-0.000001,0.000000,0.000000
-0.000001,0.000000,0.000000
-0.000001,0.000000,0.000000
-0.000000,0.200000,0.000000
-0.000000,0.200000,0.000000
-0.000000,0.200000,0.000000
-0.000000,0.200000,0.080000
0.000000,0.000000,0.080000
0.000000,-0.200000,0.000000
0.000000,0.200000,0.080000
0.000000,0.200000,0.000000
0.000000,0.000000,0.000000
0.000000,0.000000,0.080000
0.000001,1.000000,0.000000
0.000001,5.000000,1.280000
0.000001,4.800000,2.320000
0.000001,4.800000,3.040000
0.000001,5.200000,3.600000
0.000001,4.800000,3.840000
0.000001,5.200000,4.080000
0.000001,5.000000,4.240000
0.000001,5.000000,4.240000
0.000001,5.000000,4.400000
0.000002,5.000000,4.240000
0.000002,5.200000,4.160000
0.000002,5.000000,4.160000
0.000002,5.200000,4.080000
0.000002,5.000000,4.080000
0.000002,4.800000,3.920000
0.000002,5.000000,3.920000
0.000002,5.000000,3.840000
0.000002,5.000000,3.760000
0.000002,5.000000,3.680000
0.000003,5.000000,3.680000
0.000003,5.000000,3.520000
0.000003,5.000000,3.440000
0.000003,5.000000,3.360000
0.000003,5.200000,3.360000
0.000003,5.000000,3.280000
0.000003,5.000000,3.200000
0.000003,4.800000,3.120000
0.000003,5.000000,3.040000
0.000004,5.000000,2.960000
0.000004,4.800000,2.880000
0.000004,5.000000,2.880000
0.000004,5.000000,2.800000
0.000004,4.800000,2.720000
0.000004,5.000000,2.720000
0.000004,5.000000,2.560000
0.000004,4.800000,2.560000
0.000004,5.000000,2.560000
0.000004,5.000000,2.480000
0.000005,5.000000,2.400000
0.000005,4.800000,2.320000
0.000005,5.000000,2.320000
0.000005,4.800000,2.160000
0.000005,4.800000,2.320000
0.000005,5.000000,2.160000
0.000005,5.000000,2.080000
0.000005,5.000000,2.080000
0.000005,5.000000,2.000000
0.000005,5.000000,2.000000
0.000005,4.800000,1.920000
0.000006,5.000000,1.920000
0.000006,4.800000,1.920000
0.000006,4.800000,1.840000
0.000006,5.000000,1.840000
0.000006,4.800000,1.760000
0.000006,5.000000,1.760000
0.000006,4.800000,1.680000
0.000006,4.800000,1.760000
0.000006,4.800000,1.680000
0.000006,4.800000,1.600000
0.000007,5.000000,1.520000
0.000007,5.000000,1.520000
0.000007,5.200000,1.440000
0.000007,4.800000,1.440000
0.000007,5.000000,1.360000
0.000007,5.200000,1.280000
0.000007,5.000000,1.520000
0.000007,5.000000,1.360000
0.000007,5.000000,1.280000
0.000007,5.000000,1.280000
0.000008,4.800000,1.280000
0.000008,5.000000,1.200000
0.000008,5.000000,1.120000
0.000008,4.800000,1.120000
0.000008,4.800000,1.120000
0.000008,5.000000,1.120000
0.000008,4.800000,1.120000
0.000008,4.800000,1.040000
0.000008,5.000000,1.120000
0.000008,5.000000,1.040000
0.000009,5.000000,1.040000
0.000009,4.800000,1.040000
0.000009,5.000000,0.880000
0.000009,4.800000,0.880000
0.000009,4.800000,1.040000
0.000009,5.000000,0.880000
0.000009,5.000000,0.960000
0.000009,4.800000,0.880000
0.000009,5.000000,0.880000
0.000009,5.000000,0.800000
0.000010,4.800000,0.880000
0.000010,4.800000,0.720000
0.000010,4.800000,0.800000
0.000010,4.800000,0.800000
0.000010,5.000000,0.800000
0.000010,5.000000,0.800000
0.000010,5.200000,0.720000
0.000010,5.000000,0.640000
0.000010,4.800000,0.720000
0.000010,5.000000,0.560000
0.000011,4.600000,0.720000
0.000011,5.000000,0.640000
0.000011,5.000000,0.640000
0.000011,5.000000,0.720000
0.000011,4.800000,0.720000
0.000011,5.000000,0.640000
0.000011,4.800000,0.640000
0.000011,4.800000,0.560000
0.000011,5.000000,0.560000
0.000011,4.800000,0.560000
0.000012,5.000000,0.640000
0.000012,4.800000,0.560000
0.000012,5.000000,0.480000
0.000012,4.800000,0.560000
0.000012,4.800000,0.560000
0.000012,5.000000,0.400000
0.000012,5.000000,0.480000
0.000012,4.800000,0.480000
0.000012,5.000000,0.480000
0.000012,4.800000,0.480000
0.000013,4.800000,0.480000
0.000013,4.800000,0.480000
0.000013,4.800000,0.320000
0.000013,4.800000,0.480000
0.000013,4.800000,0.480000
0.000013,4.800000,0.320000
0.000013,4.800000,0.400000
0.000013,5.000000,0.240000
0.000013,4.800000,0.400000
0.000014,4.800000,0.400000
0.000014,5.000000,0.320000
0.000014,4.800000,0.320000
0.000014,5.000000,0.400000
0.000014,4.800000,0.320000
0.000014,4.800000,0.400000
0.000014,5.000000,0.320000
0.000014,4.800000,0.320000
0.000014,5.000000,0.240000
0.000014,5.000000,0.320000
0.000015,4.800000,0.240000
0.000015,5.000000,0.240000
0.000015,5.000000,0.240000
0.000015,4.800000,0.320000
0.000015,4.800000,0.320000
0.000015,5.000000,0.320000
0.000015,5.000000,0.240000
0.000015,5.000000,0.240000
0.000015,4.800000,0.240000
0.000015,4.800000,0.240000
0.000015,5.000000,0.240000
0.000016,4.800000,0.320000
0.000016,5.000000,0.320000
0.000016,4.800000,0.240000
0.000016,4.600000,0.240000
0.000016,5.000000,0.160000
0.000016,4.800000,0.240000
0.000016,4.800000,0.240000
0.000016,5.000000,0.160000
0.000016,4.800000,0.160000
0.000016,4.800000,0.240000
0.000017,4.800000,0.160000
0.000017,5.000000,0.240000
0.000017,5.000000,0.160000
0.000017,5.000000,0.240000
0.000017,5.200000,0.240000
0.000017,4.800000,0.080000
0.000017,5.000000,0.160000
0.000017,4.800000,0.240000
0.000017,5.000000,0.240000
0.000017,5.000000,0.160000
0.000018,4.800000,0.160000
0.000018,4.800000,0.160000
0.000018,5.000000,0.160000
0.000018,4.800000,0.080000
0.000018,5.000000,0.160000
0.000018,4.800000,0.240000
0.000018,4.800000,0.160000
0.000018,5.000000,0.080000
0.000018,5.000000,0.160000
0.000018,5.000000,0.080000
0.000019,4.800000,0.160000
0.000019,5.200000,0.160000
0.000019,4.800000,0.160000
0.000019,5.000000,0.160000
0.000019,5.000000,0.080000
0.000019,4.800000,0.080000
0.000019,4.600000,0.160000
0.000019,4.800000,0.080000
0.000019,5.000000,0.080000
0.000019,4.800000,0.080000
0.000020,4.800000,0.080000
0.000020,5.000000,0.160000
0.000020,4.800000,0.160000
0.000020,4.800000,0.080000
0.000020,5.000000,0.160000
0.000020,5.200000,0.080000
0.000020,5.000000,0.160000
0.000020,4.800000,0.080000
0.000020,5.000000,0.160000
0.000020,4.800000,0.160000
0.000021,5.000000,0.080000
0.000021,4.800000,0.160000
0.000021,4.800000,0.080000
0.000021,5.000000,0.160000
0.000021,4.800000,0.080000
0.000021,5.000000,0.160000
0.000021,4.800000,0.080000
0.000021,4.800000,0.160000
0.000021,4.800000,0.160000
0.000021,4.800000,0.080000
0.000022,4.800000,0.080000
0.000022,5.000000,0.160000
0.000022,5.000000,0.080000
0.000022,5.000000,0.080000
0.000022,5.000000,0.160000
0.000022,5.000000,0.080000
0.000022,5.000000,0.080000
0.000022,4.800000,0.160000
0.000022,4.600000,0.000000
0.000022,5.000000,0.080000
0.000023,5.000000,0.080000
0.000023,5.000000,0.000000
0.000023,4.800000,0.080000
0.000023,4.800000,0.080000
0.000023,4.800000,0.080000
0.000023,5.000000,0.080000
0.000023,5.000000,0.080000
0.000023,4.800000,0.080000
0.000023,4.800000,0.080000
0.000024,5.000000,0.000000
0.000024,4.800000,0.080000
0.000024,5.000000,0.160000
0.000024,5.000000,0.080000
0.000024,4.800000,0.000000
0.000024,5.000000,0.080000
0.000024,5.000000,0.080000
0.000024,5.000000,0.080000
0.000024,5.000000,0.000000
0.000024,4.800000,0.080000
0.000024,4.800000,0.080000
0.000025,5.000000,0.000000
0.000025,4.600000,0.080000
0.000025,5.200000,0.080000
0.000025,5.000000,0.080000
0.000025,5.000000,0.080000
0.000025,5.000000,0.000000
0.000025,5.000000,0.160000
0.000025,4.800000,0.160000
0.000025,5.000000,0.080000
0.000025,5.000000,0.160000
0.000026,5.000000,0.080000
0.000026,5.000000,0.000000
0.000026,4.800000,0.000000
0.000026,4.800000,0.080000
0.000026,4.800000,0.000000
0.000026,4.800000,0.080000
0.000026,5.000000,0.000000
0.000026,4.800000,0.000000
0.000026,5.000000,0.000000
0.000026,5.000000,0.080000
0.000027,4.800000,0.080000
0.000027,5.000000,0.000000
0.000027,4.800000,0.080000
0.000027,5.200000,0.000000
0.000027,5.000000,0.000000
0.000027,5.000000,0.080000
0.000027,4.800000,0.000000
0.000027,4.800000,0.160000
0.000027,4.800000,0.080000
0.000027,5.000000,0.080000
0.000028,4.800000,0.080000
0.000028,5.200000,0.080000
0.000028,4.800000,0.000000
0.000028,5.000000,0.000000
0.000028,5.000000,0.000000
0.000028,4.800000,0.000000
0.000028,5.000000,0.000000
0.000028,5.000000,0.000000
0.000028,5.000000,0.000000
0.000028,5.000000,0.080000
0.000029,5.000000,0.000000
0.000029,5.000000,0.080000
0.000029,4.800000,0.000000
0.000029,5.000000,0.080000
0.000029,4.800000,0.000000
0.000029,5.000000,0.080000
0.000029,4.800000,0.000000
0.000029,4.800000,-0.080000
0.000029,4.800000,0.080000
0.000029,5.000000,0.000000
0.000030,4.800000,0.000000
0.000030,4.800000,0.080000
0.000030,5.000000,0.080000
0.000030,5.000000,0.000000
0.000030,5.000000,0.080000
0.000030,4.800000,0.000000
0.000030,5.000000,0.080000
0.000030,4.800000,0.080000
0.000030,4.800000,0.160000
0.000030,4.800000,0.080000
0.000031,4.600000,0.080000
0.000031,4.800000,0.000000
0.000031,4.800000,0.080000
0.000031,4.800000,0.000000
0.000031,5.000000,0.000000
0.000031,5.000000,0.080000
0.000031,4.800000,0.080000
0.000031,5.000000,0.080000
0.000031,4.600000,0.000000
0.000031,5.000000,0.080000
0.000032,5.000000,0.160000
0.000032,5.000000,0.080000
0.000032,4.800000,0.000000
0.000032,4.800000,0.080000
0.000032,4.800000,0.080000
0.000032,5.000000,0.080000
0.000032,5.000000,0.080000
0.000032,4.800000,0.000000
0.000032,5.000000,0.000000
0.000032,5.000000,0.000000
0.000033,5.000000,0.080000
0.000033,5.000000,0.080000
0.000033,5.000000,0.080000
0.000033,5.000000,-0.080000
0.000033,4.800000,0.080000
0.000033,4.800000,0.000000
0.000033,5.000000,0.000000
0.000033,4.800000,0.080000
0.000033,5.000000,0.000000
0.000034,5.000000,0.000000
0.000034,5.000000,0.080000
0.000034,4.800000,0.080000
0.000034,4.800000,0.080000
0.000034,5.000000,0.080000
0.000034,5.000000,0.080000
0.000034,5.000000,0.000000
0.000034,5.000000,0.080000
0.000034,5.000000,0.080000
0.000034,5.000000,0.000000
0.000034,4.800000,0.080000
0.000035,5.000000,0.080000
0.000035,5.000000,0.000000
0.000035,5.000000,0.000000
0.000035,5.200000,0.000000
0.000035,5.000000,0.000000
0.000035,5.000000,0.000000
0.000035,4.800000,-0.080000
0.000035,5.000000,0.000000
0.000035,4.800000,0.080000
0.000035,5.000000,0.000000
0.000036,4.800000,0.080000
0.000036,4.800000,0.000000
0.000036,4.800000,0.000000
0.000036,5.000000,0.080000
0.000036,4.800000,0.080000
0.000036,4.800000,0.000000
0.000036,5.000000,0.080000
0.000036,4.800000,0.080000
0.000036,5.000000,0.080000
0.000036,5.000000,0.080000
0.000037,4.800000,0.080000
0.000037,5.000000,0.000000
0.000037,5.000000,0.000000
0.000037,4.800000,0.080000
0.000037,4.800000,0.080000
0.000037,5.000000,0.160000
0.000037,4.800000,0.080000
0.000037,5.000000,0.160000
0.000037,5.000000,0.000000
0.000037,5.000000,0.080000
0.000038,4.800000,0.080000
0.000038,4.800000,0.000000
0.000038,4.800000,-0.080000
0.000038,4.800000,0.080000
0.000038,4.800000,0.080000
0.000038,4.800000,0.080000
0.000038,5.000000,-0.080000
0.000038,4.800000,0.000000
0.000038,4.600000,0.080000
0.000038,5.000000,0.000000
0.000039,4.800000,0.080000
0.000039,5.000000,0.080000
0.000039,5.000000,0.080000
0.000039,4.600000,0.000000
0.000039,5.000000,0.080000
0.000039,5.000000,0.000000
0.000039,5.000000,0.000000
0.000039,5.000000,0.000000
0.000039,5.000000,0.000000
0.000039,5.000000,0.000000
0.000040,4.800000,0.000000
0.000040,4.800000,0.080000
0.000040,5.000000,0.160000
0.000040,5.200000,0.080000
0.000040,4.800000,0.000000
0.000040,5.000000,0.080000
0.000040,5.000000,0.080000
0.000040,4.800000,0.000000
0.000040,4.800000,0.080000
0.000040,4.800000,0.000000
0.000041,5.000000,0.000000
0.000041,4.600000,0.000000
0.000041,4.800000,0.160000
0.000041,5.000000,0.000000
0.000041,5.000000,0.000000
0.000041,4.800000,0.080000
0.000041,5.000000,0.080000
0.000041,5.000000,0.080000
0.000041,4.800000,-0.080000
0.000041,5.000000,0.000000
0.000042,5.000000,0.080000
0.000042,5.000000,0.000000
0.000042,5.000000,0.000000
0.000042,5.000000,0.080000
0.000042,5.000000,0.080000
0.000042,5.000000,0.000000
0.000042,4.800000,0.000000
0.000042,5.000000,0.000000
0.000042,5.000000,0.000000
0.000043,4.800000,0.000000
0.000043,5.000000,0.000000
0.000043,4.800000,0.000000
0.000043,5.000000,-0.080000
0.000043,5.000000,0.080000
0.000043,4.800000,0.000000
0.000043,4.800000,0.080000
0.000043,4.800000,0.000000
0.000043,5.000000,0.000000
0.000043,4.800000,0.080000
0.000044,4.800000,0.080000
0.000044,5.000000,0.000000
0.000044,4.800000,0.080000
0.000044,4.800000,0.080000
0.000044,4.800000,0.000000
0.000044,4.800000,0.080000
0.000044,5.000000,0.080000
0.000044,4.800000,0.000000
0.000044,4.800000,0.000000
0.000044,4.800000,0.000000
0.000044,5.000000,0.080000
0.000045,4.800000,0.000000
0.000045,5.000000,0.000000
0.000045,5.000000,0.000000
0.000045,5.000000,0.080000
0.000045,4.800000,0.000000
0.000045,5.000000,0.080000
0.000045,5.000000,0.080000
0.000045,5.000000,0.160000
0.000045,4.800000,0.000000
0.000045,4.800000,0.080000
0.000046,4.800000,0.000000
0.000046,5.200000,0.000000
0.000046,5.000000,0.000000
0.000046,4.800000,0.080000
0.000046,5.000000,0.000000
0.000046,0.000000,-0.560000
0.000046,0.000000,-1.920000
0.000046,-0.200000,-2.720000
0.000046,0.000000,-3.280000
0.000046,-0.200000,-3.600000
0.000047,-0.200000,-3.920000
0.000047,0.000000,-4.080000
0.000047,0.000000,-4.160000
0.000047,0.000000,-4.160000
0.000047,-0.200000,-4.240000
0.000047,0.200000,-4.240000
0.000047,0.000000,-4.160000
0.000047,0.000000,-4.000000
0.000047,-0.200000,-4.000000
0.000047,0.000000,-3.920000
0.000048,0.000000,-3.920000
0.000048,0.000000,-3.840000
0.000048,0.000000,-3.760000
0.000048,0.000000,-3.760000
0.000048,-0.200000,-3.600000
0.000048,-0.200000,-3.520000
0.000048,-0.200000,-3.520000
0.000048,0.000000,-3.440000
0.000048,0.000000,-3.280000
0.000048,0.000000,-3.280000
0.000049,0.000000,-3.280000
0.000049,0.000000,-3.120000
0.000049,0.000000,-3.040000
0.000049,0.000000,-2.960000
0.000049,0.000000,-2.960000
0.000049,0.200000,-2.960000
0.000049,-0.200000,-2.800000
0.000049,0.200000,-2.720000
0.000049,0.000000,-2.640000
0.000049,0.200000,-2.640000
0.000050,0.000000,-2.560000
0.000050,0.000000,-2.560000
0.000050,0.000000,-2.400000
0.000050,0.000000,-2.400000
0.000050,0.000000,-2.400000
0.000050,-0.200000,-2.320000
0.000050,0.200000,-2.320000
0.000050,0.000000,-2.240000
0.000050,0.000000,-2.080000
0.000050,0.000000,-2.080000
0.000051,0.000000,-2.080000
0.000051,0.000000,-2.080000
0.000051,0.000000,-2.000000
0.000051,0.000000,-2.000000
0.000051,-0.200000,-1.920000
0.000051,0.200000,-1.840000
0.000051,0.000000,-1.840000
0.000051,0.000000,-1.840000
0.000051,0.000000,-1.680000
0.000051,0.000000,-1.600000
0.000052,0.000000,-1.680000
0.000052,0.200000,-1.600000
0.000052,0.000000,-1.520000
0.000052,0.000000,-1.520000
0.000052,0.000000,-1.520000
0.000052,0.000000,-1.440000
0.000052,0.000000,-1.440000
0.000052,0.000000,-1.440000
0.000052,0.000000,-1.440000
0.000053,0.000000,-1.360000
0.000053,0.200000,-1.280000
0.000053,0.000000,-1.360000
0.000053,0.000000,-1.200000
0.000053,0.000000,-1.200000
0.000053,0.000000,-1.280000
0.000053,0.000000,-1.200000
0.000053,0.000000,-1.200000
0.000053,0.200000,-1.200000
0.000053,0.000000,-1.120000
0.000053,0.000000,-1.040000
0.000054,0.000000,-1.120000
0.000054,0.000000,-1.120000
0.000054,0.200000,-0.960000
0.000054,0.000000,-0.960000
0.000054,0.200000,-0.960000
0.000054,0.000000,-1.040000
0.000054,0.000000,-0.960000
0.000054,0.000000,-0.960000
0.000054,0.000000,-0.800000
0.000054,0.000000,-0.800000
0.000055,0.000000,-0.880000
0.000055,0.200000,-0.800000
0.000055,0.000000,-0.800000
0.000055,0.000000,-0.800000
0.000055,0.000000,-0.720000
0.000055,0.000000,-0.720000
0.000055,0.200000,-0.720000
0.000055,0.000000,-0.800000
0.000055,0.000000,-0.720000
0.000055,0.200000,-0.720000
0.000056,0.000000,-0.640000
0.000056,-0.200000,-0.720000
0.000056,-0.200000,-0.560000
0.000056,0.200000,-0.640000
0.000056,0.000000,-0.640000
0.000056,0.000000,-0.720000
0.000056,-0.200000,-0.640000
0.000056,-0.200000,-0.560000
0.000056,0.000000,-0.480000
0.000056,0.000000,-0.560000
0.000057,0.200000,-0.560000
0.000057,0.000000,-0.560000
0.000057,0.200000,-0.560000
0.000057,0.000000,-0.560000
0.000057,0.000000,-0.480000
0.000057,0.200000,-0.480000
0.000057,0.200000,-0.480000
0.000057,0.200000,-0.480000
0.000057,0.000000,-0.480000
0.000057,0.000000,-0.560000
0.000058,0.200000,-0.560000
0.000058,0.000000,-0.400000
0.000058,0.000000,-0.480000
0.000058,-0.200000,-0.320000
0.000058,0.000000,-0.400000
0.000058,0.200000,-0.480000
0.000058,0.000000,-0.400000
0.000058,0.000000,-0.400000
0.000058,0.200000,-0.320000
0.000058,0.000000,-0.400000
0.000059,0.200000,-0.320000
0.000059,0.000000,-0.480000
0.000059,0.000000,-0.320000
0.000059,0.000000,-0.400000
0.000059,0.000000,-0.320000
0.000059,0.000000,-0.320000
0.000059,-0.200000,-0.320000
0.000059,0.000000,-0.400000
0.000059,0.200000,-0.320000
0.000059,0.200000,-0.240000
0.000060,0.000000,-0.320000
0.000060,0.000000,-0.240000
0.000060,0.000000,-0.320000
0.000060,0.000000,-0.320000
0.000060,0.200000,-0.320000
0.000060,0.000000,-0.320000
0.000060,0.000000,-0.320000
0.000060,0.000000,-0.320000
0.000060,0.200000,-0.240000
0.000060,0.000000,-0.240000
0.000061,-0.200000,-0.240000
0.000061,0.000000,-0.240000
0.000061,0.000000,-0.160000
0.000061,-0.200000,-0.240000
0.000061,0.000000,-0.240000
0.000061,0.000000,-0.240000
0.000061,0.000000,-0.240000
0.000061,0.000000,-0.240000
0.000061,0.000000,-0.160000
0.000061,0.000000,-0.240000
0.000062,0.000000,-0.240000
0.000062,0.000000,-0.160000
0.000062,0.000000,-0.160000
0.000062,0.000000,-0.160000
0.000062,0.000000,-0.240000
0.000062,0.000000,-0.160000
0.000062,0.200000,-0.240000
0.000062,0.000000,-0.160000
0.000062,0.000000,-0.160000
0.000063,0.000000,-0.240000
0.000063,0.000000,-0.160000
0.000063,0.000000,-0.160000
0.000063,0.200000,-0.240000
0.000063,0.000000,-0.160000
0.000063,0.000000,-0.160000
0.000063,0.000000,-0.080000
0.000063,0.000000,-0.160000
0.000063,0.000000,-0.160000
0.000063,0.000000,-0.080000
0.000063,0.200000,-0.160000
0.000064,0.000000,-0.160000
0.000064,0.000000,-0.160000
0.000064,0.000000,-0.160000
0.000064,0.000000,-0.160000
0.000064,0.200000,-0.080000
0.000064,0.000000,-0.080000
0.000064,0.200000,-0.160000
0.000064,-0.200000,-0.080000
0.000064,0.200000,-0.160000
0.000064,0.200000,-0.160000
0.000065,0.000000,-0.080000
0.000065,-0.200000,0.000000
0.000065,0.200000,0.000000
0.000065,-0.200000,-0.080000
0.000065,0.000000,-0.160000
0.000065,0.000000,-0.080000
0.000065,0.200000,0.000000
0.000065,0.200000,-0.080000
0.000065,0.000000,-0.160000
0.000065,-0.200000,-0.160000
0.000066,0.000000,-0.160000
0.000066,0.000000,-0.080000
0.000066,0.000000,-0.160000
0.000066,0.200000,0.000000
0.000066,0.000000,-0.160000
0.000066,0.200000,-0.080000
0.000066,0.200000,-0.080000
0.000066,-0.200000,-0.080000
0.000066,-0.200000,-0.080000
0.000066,0.000000,-0.080000
0.000067,0.000000,0.000000
0.000067,0.000000,-0.080000
0.000067,0.200000,-0.080000
0.000067,0.200000,0.000000
0.000067,0.200000,0.000000
0.000067,0.000000,0.000000
0.000067,0.200000,-0.080000
0.000067,0.200000,-0.080000
0.000067,-0.200000,-0.080000
0.000067,-0.200000,-0.080000
0.000068,0.000000,0.000000
0.000068,0.000000,0.000000
0.000068,0.000000,-0.080000
0.000068,0.000000,-0.080000
0.000068,0.000000,-0.080000
0.000068,0.000000,0.000000
0.000068,0.000000,-0.160000
0.000068,-0.200000,-0.080000
0.000068,0.000000,0.000000
0.000068,0.200000,-0.080000
0.000069,0.000000,0.000000
0.000069,-0.200000,0.000000
0.000069,0.000000,-0.080000
0.000069,0.200000,-0.080000
0.000069,0.000000,0.000000
0.000069,0.000000,-0.160000
0.000069,0.000000,-0.080000
0.000069,0.000000,0.000000
0.000069,0.000000,0.080000
0.000069,0.200000,0.000000
0.000070,0.000000,0.000000
0.000070,-0.200000,0.000000
0.000070,0.200000,0.000000
0.000070,0.000000,0.000000
0.000070,0.200000,-0.080000
0.000070,0.000000,0.000000
0.000070,0.200000,0.000000
0.000070,0.200000,-0.080000
0.000070,0.000000,0.000000
0.000070,0.000000,-0.080000
0.000071,-0.200000,-0.080000
0.000071,0.200000,-0.080000
0.000071,0.000000,0.000000
0.000071,0.200000,0.000000
0.000071,0.000000,0.000000
0.000071,0.000000,-0.080000
0.000071,0.000000,0.000000
0.000071,0.200000,0.000000
0.000071,0.000000,-0.080000
0.000071,0.000000,0.000000
0.000072,0.200000,0.000000
0.000072,-0.200000,-0.080000
0.000072,0.000000,-0.080000
0.000072,0.000000,0.000000
0.000072,-0.200000,0.000000
0.000072,0.200000,-0.160000
0.000072,0.000000,-0.080000
0.000072,0.200000,0.000000
0.000072,0.000000,-0.080000
0.000073,0.000000,-0.080000
0.000073,0.000000,0.000000
0.000073,0.000000,0.000000
0.000073,0.000000,0.000000
0.000073,0.000000,0.000000
0.000073,0.000000,0.000000
0.000073,0.200000,-0.080000
0.000073,-0.200000,0.000000
0.000073,0.000000,0.000000
0.000073,0.000000,0.000000
0.000073,0.000000,0.080000
0.000074,0.200000,0.000000
0.000074,0.000000,0.000000
0.000074,0.200000,0.000000
0.000074,0.000000,0.000000
0.000074,0.000000,0.000000
0.000074,0.200000,-0.080000
0.000074,0.000000,0.000000
0.000074,0.000000,0.000000
0.000074,0.200000,0.000000
0.000074,0.000000,-0.080000
0.000075,0.000000,0.000000
0.000075,0.000000,0.000000
0.000075,0.200000,0.000000
0.000075,0.000000,0.000000
0.000075,0.000000,0.080000
0.000075,0.000000,0.000000
0.000075,0.000000,0.080000
0.000075,0.200000,0.080000
0.000075,0.000000,0.000000
0.000075,-0.200000,0.000000
0.000076,0.000000,0.080000
0.000076,0.200000,0.000000
0.000076,0.000000,0.000000
0.000076,0.000000,0.000000
0.000076,0.200000,-0.080000
0.000076,0.200000,0.000000
0.000076,-0.200000,0.000000
0.000076,0.000000,0.080000
0.000076,0.200000,0.000000
0.000076,0.000000,-0.080000
0.000077,0.000000,0.080000
0.000077,0.200000,0.080000
0.000077,0.200000,0.000000
0.000077,0.000000,0.080000
0.000077,0.000000,0.000000
0.000077,0.000000,0.000000
0.000077,0.000000,0.000000
0.000077,-0.200000,-0.080000
0.000077,0.000000,0.000000
0.000077,0.000000,0.000000
0.000078,-0.200000,0.000000
0.000078,0.000000,-0.080000
0.000078,0.000000,0.000000
0.000078,0.200000,-0.080000
0.000078,0.000000,0.000000
0.000078,0.200000,0.080000
0.000078,0.200000,0.000000
0.000078,0.000000,0.000000
0.000078,0.200000,0.080000
0.000078,0.000000,-0.080000
0.000079,0.200000,0.000000
0.000079,0.000000,0.000000
0.000079,0.000000,0.000000
0.000079,0.000000,0.080000
0.000079,0.000000,0.000000
0.000079,0.200000,0.000000
0.000079,0.000000,0.080000
0.000079,0.000000,0.080000
0.000079,0.000000,0.080000
0.000079,0.200000,0.000000
0.000080,0.000000,0.000000
0.000080,0.200000,0.000000
0.000080,0.200000,-0.080000
0.000080,0.400000,-0.080000
0.000080,0.000000,-0.080000
0.000080,0.000000,0.000000
0.000080,0.200000,0.000000
0.000080,0.000000,0.000000
0.000080,0.000000,0.000000
0.000080,0.000000,-0.080000
0.000081,0.200000,0.000000
0.000081,0.000000,0.000000
0.000081,0.000000,-0.080000
0.000081,0.000000,0.080000
0.000081,0.200000,-0.080000
0.000081,0.000000,0.080000
0.000081,0.000000,0.000000
0.000081,0.000000,0.000000
0.000081,0.000000,0.000000
0.000081,0.200000,0.080000
0.000082,0.000000,0.000000
0.000082,0.000000,0.000000
0.000082,0.000000,0.000000
0.000082,0.000000,0.000000
0.000082,0.000000,0.000000
0.000082,-0.200000,0.000000
0.000082,0.000000,0.000000
0.000082,0.000000,0.000000
0.000082,0.000000,-0.080000
0.000082,0.000000,-0.080000
0.000083,0.000000,0.000000
0.000083,0.200000,0.000000
0.000083,-0.200000,0.000000
0.000083,0.200000,0.000000
0.000083,0.200000,0.000000
0.000083,0.000000,0.080000
0.000083,0.000000,0.000000
0.000083,0.000000,0.000000
0.000083,0.200000,0.000000
0.000083,0.200000,-0.080000
0.000084,0.000000,0.000000
0.000084,0.200000,-0.080000
0.000084,0.000000,0.000000
0.000084,0.000000,0.080000
0.000084,0.200000,0.000000
0.000084,0.000000,0.080000
0.000084,0.000000,0.000000
0.000084,0.200000,0.080000
0.000084,0.000000,0.000000
0.000084,0.200000,0.000000
0.000085,0.000000,0.080000
0.000085,0.000000,0.000000
0.000085,0.000000,-0.080000
0.000085,0.200000,0.000000
0.000085,0.200000,0.000000
0.000085,0.200000,0.000000
0.000085,0.000000,0.000000
0.000085,0.000000,0.000000
0.000085,0.000000,0.080000
0.000085,0.000000,0.000000
0.000086,0.200000,0.000000
0.000086,0.200000,0.000000
0.000086,0.000000,-0.080000
0.000086,0.000000,0.000000
0.000086,-0.200000,0.080000
0.000086,0.200000,0.000000
0.000086,0.200000,0.080000
0.000086,0.000000,0.000000
0.000086,0.000000,0.080000
0.000086,0.200000,0.000000
0.000087,0.000000,0.080000
0.000087,0.200000,0.080000
0.000087,0.000000,0.080000
0.000087,0.000000,0.000000
0.000087,0.200000,0.000000
0.000087,0.000000,0.080000
0.000087,0.000000,-0.080000
0.000087,0.200000,-0.080000
0.000087,0.000000,0.000000
0.000087,0.000000,-0.080000
0.000088,-0.200000,-0.080000
0.000088,0.200000,-0.080000
0.000088,0.200000,0.000000
0.000088,0.000000,0.000000
0.000088,0.200000,0.080000
0.000088,0.000000,0.000000
0.000088,0.000000,0.080000
0.000088,0.000000,0.000000
0.000088,0.200000,-0.080000
0.000088,0.000000,0.000000
0.000089,0.000000,-0.080000
0.000089,0.000000,0.000000
0.000089,0.000000,-0.080000
0.000089,-0.200000,-0.080000
0.000089,0.200000,0.000000
0.000089,0.000000,0.080000
0.000089,0.000000,0.000000
0.000089,0.400000,0.000000
0.000089,0.200000,0.000000
0.000089,0.200000,0.000000
0.000090,0.000000,0.080000
0.000090,0.200000,0.000000
0.000090,0.000000,0.000000
0.000090,0.000000,0.000000
0.000090,0.200000,0.000000
0.000090,0.000000,0.080000
0.000090,0.000000,0.000000
0.000090,0.200000,0.080000
0.000090,0.200000,0.000000
0.000090,0.000000,0.000000
0.000091,0.000000,0.000000
0.000091,0.200000,0.000000
0.000091,0.200000,0.080000
0.000091,0.000000,-0.080000
0.000091,0.000000,0.000000
0.000091,0.000000,0.080000
0.000091,0.000000,0.080000
0.000091,0.000000,0.000000
0.000091,0.000000,0.000000
0.000091,0.000000,0.000000
0.000092,5.000000,1.280000
0.000092,4.800000,2.320000
0.000092,4.800000,3.040000
0.000092,5.000000,3.440000
0.000092,5.000000,3.840000
0.000092,5.000000,4.080000
0.000092,4.800000,4.160000
0.000092,5.000000,4.240000
0.000092,5.200000,4.240000
0.000092,4.800000,4.320000
0.000093,4.800000,4.240000
0.000093,4.800000,4.080000
0.000093,5.000000,4.080000
0.000093,4.800000,4.080000
0.000093,5.000000,4.000000
0.000093,5.000000,3.840000
0.000093,5.000000,3.840000
0.000093,4.800000,3.680000
0.000093,5.000000,3.680000
0.000093,5.000000,3.680000
0.000094,5.000000,3.520000
0.000094,4.800000,3.520000
0.000094,5.000000,3.440000
0.000094,5.000000,3.280000
0.000094,5.000000,3.280000
0.000094,5.000000,3.200000
0.000094,5.000000,3.040000
0.000094,5.000000,3.040000
0.000094,5.000000,2.960000
0.000094,4.800000,2.960000
0.000095,5.000000,2.880000
0.000095,5.000000,2.880000
0.000095,4.800000,2.800000
0.000095,4.800000,2.640000
0.000095,5.200000,2.640000
0.000095,4.800000,2.560000
0.000095,5.000000,2.560000
0.000095,5.000000,2.480000
0.000095,4.800000,2.480000
0.000095,4.800000,2.320000
0.000096,4.800000,2.240000
0.000096,4.800000,2.240000
0.000096,4.600000,2.160000
0.000096,4.800000,2.160000
0.000096,5.000000,2.160000
0.000096,5.000000,2.000000
0.000096,5.000000,2.000000
0.000096,5.000000,1.920000
0.000096,5.000000,2.000000
0.000096,4.800000,1.920000
0.000097,5.000000,1.920000
0.000097,4.800000,1.840000
0.000097,5.000000,1.840000
0.000097,5.000000,1.840000
0.000097,5.200000,1.760000
0.000097,4.800000,1.680000
0.000097,4.800000,1.600000
0.000097,5.000000,1.680000
0.000097,5.000000,1.440000
0.000097,5.000000,1.520000
0.000098,5.000000,1.520000
0.000098,4.800000,1.520000
0.000098,4.800000,1.440000
0.000098,5.000000,1.440000
0.000098,4.800000,1.440000
0.000098,5.000000,1.360000
0.000098,4.800000,1.360000
0.000098,4.600000,1.360000
0.000098,5.000000,1.280000
0.000098,5.000000,1.280000
0.000099,5.000000,1.200000
0.000099,4.800000,1.200000
0.000099,4.800000,1.120000
0.000099,5.000000,1.200000
0.000099,4.800000,1.200000
0.000099,4.800000,1.120000
0.000099,5.000000,1.040000
0.000099,5.000000,1.120000
0.000099,5.000000,1.120000
0.000099,5.000000,1.040000
0.000100,4.800000,0.960000
0.000100,5.000000,0.960000
0.000100,5.000000,0.880000
0.000100,5.000000,0.880000
0.000100,4.800000,0.960000
0.000100,4.800000,0.960000
0.000100,5.200000,0.960000
0.000100,5.000000,0.880000
0.000100,5.000000,0.880000
0.000100,4.800000,0.800000
0.000101,5.000000,0.800000
0.000101,5.000000,0.800000
0.000101,5.000000,0.720000
0.000101,5.000000,0.800000
0.000101,4.800000,0.720000
0.000101,4.800000,0.720000
0.000101,5.000000,0.640000
0.000101,5.000000,0.800000
0.000101,4.800000,0.640000
0.000102,4.800000,0.720000
0.000102,5.000000,0.640000
0.000102,5.000000,0.640000
0.000102,5.000000,0.720000
0.000102,5.000000,0.640000
0.000102,5.000000,0.640000
0.000102,4.800000,0.720000
0.000102,4.800000,0.480000
0.000102,5.200000,0.560000
0.000102,4.800000,0.560000
0.000102,5.000000,0.560000
0.000103,4.800000,0.560000
0.000103,5.000000,0.480000
0.000103,5.000000,0.480000
0.000103,5.000000,0.560000
0.000103,5.000000,0.400000
0.000103,5.000000,0.480000
0.000103,4.800000,0.480000
0.000103,4.800000,0.400000
0.000103,4.800000,0.480000
0.000103,4.800000,0.400000
0.000104,4.800000,0.400000
0.000104,4.800000,0.480000
0.000104,4.800000,0.480000
0.000104,4.800000,0.320000
0.000104,4.800000,0.400000
0.000104,5.000000,0.400000
0.000104,5.000000,0.320000
0.000104,5.000000,0.480000
0.000104,4.800000,0.320000
0.000104,4.800000,0.400000
0.000105,5.000000,0.400000
0.000105,5.000000,0.480000
0.000105,4.800000,0.400000
0.000105,4.800000,0.240000
0.000105,4.800000,0.400000
0.000105,5.000000,0.320000
0.000105,5.000000,0.320000
0.000105,4.800000,0.320000
0.000105,4.800000,0.320000
0.000105,5.000000,0.320000
0.000106,5.000000,0.240000
0.000106,4.800000,0.320000
0.000106,4.800000,0.320000
0.000106,5.000000,0.320000
0.000106,5.000000,0.240000
0.000106,5.200000,0.240000
0.000106,4.800000,0.320000
0.000106,5.000000,0.240000
0.000106,4.800000,0.320000
0.000106,5.000000,0.240000
0.000107,4.800000,0.320000
0.000107,4.800000,0.240000
0.000107,4.800000,0.240000
0.000107,5.000000,0.320000
0.000107,4.800000,0.240000
0.000107,5.000000,0.240000
0.000107,5.000000,0.240000
0.000107,4.800000,0.160000
0.000107,5.000000,0.240000
0.000107,5.000000,0.160000
0.000108,4.800000,0.160000
0.000108,4.800000,0.160000
0.000108,5.000000,0.240000
0.000108,5.000000,0.080000
0.000108,4.800000,0.160000
0.000108,5.000000,0.160000
0.000108,4.800000,0.240000
0.000108,5.000000,0.240000
0.000108,5.000000,0.160000
0.000108,5.000000,0.160000
0.000109,4.800000,0.160000
0.000109,5.000000,0.160000
0.000109,5.000000,0.160000
0.000109,4.800000,0.160000
0.000109,5.000000,0.160000
0.000109,5.000000,0.160000
0.000109,5.000000,0.160000
0.000109,5.000000,0.160000
0.000109,5.000000,0.160000
0.000109,5.000000,0.160000
0.000110,5.000000,0.160000
0.000110,5.200000,0.080000
0.000110,4.800000,0.160000
0.000110,5.000000,0.080000
0.000110,5.000000,0.160000
0.000110,5.000000,0.080000
0.000110,4.800000,0.080000
0.000110,4.600000,0.080000
0.000110,4.600000,0.160000
0.000110,5.000000,0.160000
0.000111,4.800000,0.240000
0.000111,4.800000,0.240000
0.000111,5.000000,0.080000
0.000111,5.000000,0.160000
0.000111,5.000000,0.160000
0.000111,5.000000,0.080000
0.000111,5.000000,0.160000
0.000111,5.000000,0.160000
0.000111,4.800000,0.080000
0.000111,4.800000,0.080000
0.000112,4.800000,0.160000
0.000112,5.000000,0.160000
0.000112,4.800000,0.160000
0.000112,5.000000,0.080000
0.000112,5.000000,0.160000
0.000112,5.000000,0.000000
0.000112,5.000000,0.160000
0.000112,4.800000,0.080000
0.000112,5.000000,0.080000
0.000112,4.800000,0.080000
0.000113,5.000000,0.000000
0.000113,4.800000,0.080000
0.000113,4.800000,0.160000
0.000113,5.000000,0.080000
0.000113,4.800000,0.080000
0.000113,5.000000,0.000000
0.000113,4.800000,0.000000
0.000113,5.000000,0.000000
0.000113,5.000000,0.080000
0.000113,4.800000,0.080000
0.000114,5.000000,0.080000
0.000114,4.800000,0.080000
0.000114,4.800000,0.080000
0.000114,5.000000,0.080000
0.000114,4.800000,0.080000
0.000114,4.800000,0.080000
0.000114,5.000000,0.080000
0.000114,5.000000,0.080000
0.000114,5.000000,0.080000
0.000114,4.800000,0.000000
0.000115,4.800000,0.080000
0.000115,5.000000,0.080000
0.000115,5.000000,0.080000
0.000115,4.800000,0.160000
0.000115,4.800000,0.080000
0.000115,5.000000,0.000000
0.000115,4.800000,0.000000
0.000115,4.800000,0.000000
0.000115,5.000000,0.000000
0.000115,4.600000,0.080000
0.000116,4.800000,0.000000
0.000116,4.800000,0.080000
0.000116,4.600000,0.080000
0.000116,5.000000,0.080000
0.000116,5.200000,0.000000
0.000116,4.800000,0.080000
0.000116,4.800000,0.080000
0.000116,5.000000,0.080000
0.000116,4.800000,0.080000
0.000116,4.800000,0.080000
0.000117,4.800000,0.080000
0.000117,5.000000,0.080000
0.000117,4.800000,0.080000
0.000117,4.800000,0.000000
0.000117,4.800000,0.000000
0.000117,4.800000,0.000000
0.000117,4.800000,0.000000
0.000117,4.800000,0.000000
0.000117,5.000000,0.000000
0.000117,4.800000,0.000000
0.000118,4.800000,0.000000
0.000118,5.000000,0.080000
0.000118,5.000000,0.080000
0.000118,5.000000,0.160000
0.000118,4.800000,0.080000
0.000118,4.800000,0.080000
0.000118,5.000000,0.160000
0.000118,5.000000,0.080000
0.000118,5.000000,0.000000
0.000118,4.800000,0.080000
0.000119,4.800000,-0.080000
0.000119,5.000000,0.000000
0.000119,5.200000,0.080000
0.000119,4.800000,0.080000
0.000119,5.000000,0.080000
0.000119,5.200000,0.080000
0.000119,4.800000,0.080000
0.000119,5.000000,0.080000
0.000119,5.000000,0.080000
0.000119,5.000000,0.000000
0.000120,5.000000,0.080000
0.000120,4.800000,0.080000
0.000120,5.000000,0.000000
0.000120,5.000000,0.000000
0.000120,5.000000,0.160000
0.000120,5.000000,0.000000
0.000120,4.800000,-0.080000
0.000120,4.800000,0.080000
0.000120,4.800000,0.080000
0.000121,4.800000,0.080000
0.000121,5.000000,0.000000
0.000121,5.000000,0.080000
0.000121,4.800000,0.080000
0.000121,4.800000,0.080000
0.000121,5.000000,0.000000
0.000121,5.000000,0.080000
0.000121,5.000000,0.080000
0.000121,5.000000,0.080000
0.000121,4.800000,0.080000
0.000121,4.800000,0.080000
0.000122,4.800000,0.000000
0.000122,5.000000,0.080000
0.000122,5.000000,0.080000
0.000122,4.800000,0.000000
0.000122,5.000000,0.000000
0.000122,5.000000,0.080000
0.000122,4.800000,0.000000
0.000122,4.800000,0.080000
0.000122,5.000000,0.000000
0.000122,5.000000,0.000000
0.000123,4.800000,-0.080000
0.000123,5.000000,0.080000
0.000123,4.800000,0.080000
0.000123,4.800000,0.000000
0.000123,4.800000,0.000000
0.000123,4.800000,0.000000
0.000123,5.000000,0.080000
0.000123,5.200000,0.080000
0.000123,4.800000,0.000000
0.000123,5.000000,0.160000
0.000124,5.000000,0.080000
0.000124,5.000000,0.080000
0.000124,5.000000,0.080000
0.000124,5.000000,0.000000
0.000124,5.200000,0.080000
0.000124,5.200000,0.080000
0.000124,5.000000,0.080000
0.000124,5.000000,0.000000
0.000124,4.800000,0.000000
0.000124,4.800000,0.080000
0.000125,4.800000,0.080000
0.000125,4.800000,0.080000
0.000125,4.800000,0.000000
0.000125,4.800000,-0.080000